{"train": {"loss": 0.30876827239990234, "optimistic.num_ranks": 8864, "optimistic.mean_rank": 977.7018244154617, "optimistic.mean_reciprocal_rank": 0.010897644647909412, "optimistic.hits_at_1": 0.0, "optimistic.hits_at_3": 0.0068817690134826805, "optimistic.hits_at_5": 0.013425090380995585, "optimistic.hits_at_10": 0.025045126546275154, "realistic.num_ranks": 8864, "realistic.mean_rank": 977.7027364723949, "realistic.mean_reciprocal_rank": 0.010897642970183908, "realistic.hits_at_1": 0.0, "realistic.hits_at_3": 0.0068817690134826805, "realistic.hits_at_5": 0.013425090380995585, "realistic.hits_at_10": 0.025045126546275154, "pessimistic.num_ranks": 8864, "pessimistic.mean_rank": 977.7036383797546, "pessimistic.mean_reciprocal_rank": 0.01089764139668584, "pessimistic.hits_at_1": 0.0, "pessimistic.hits_at_3": 0.0068817690134826805, "pessimistic.hits_at_5": 0.013425090380995585, "pessimistic.hits_at_10": 0.025045126546275154, "realistic.expected_mean_rank": 1435.224853515625, "realistic.adjusted_mean_rank": 0.6812192069259975, "realistic.adjusted_mean_rank_index": 0.3190030600304652}, "validation": {"loss": 0.20600642760594687, "optimistic.num_ranks": 1267, "optimistic.mean_rank": 993.942377561646, "optimistic.mean_reciprocal_rank": 0.010169788867958484, "optimistic.hits_at_1": 0.0, "optimistic.hits_at_3": 0.0055248619152061, "optimistic.hits_at_5": 0.00789265987193528, "optimistic.hits_at_10": 0.020520915766117982, "realistic.num_ranks": 1267, "realistic.mean_rank": 993.9427749886697, "realistic.mean_reciprocal_rank": 0.01016978861987532, "realistic.hits_at_1": 0.0, "realistic.hits_at_3": 0.0055248619152061, "realistic.hits_at_5": 0.00789265987193528, "realistic.hits_at_10": 0.020520915766117982, "pessimistic.num_ranks": 1267, "pessimistic.mean_rank": 993.9431724156934, "pessimistic.mean_reciprocal_rank": 0.010169788399356951, "pessimistic.hits_at_1": 0.0, "pessimistic.hits_at_3": 0.0055248619152061, "pessimistic.hits_at_5": 0.00789265987193528, "pessimistic.hits_at_10": 0.020520915766117982, "realistic.expected_mean_rank": 1460.2135009765625, "realistic.adjusted_mean_rank": 0.6806831838795766, "realistic.adjusted_mean_rank_index": 0.31953564415066493}, "_timestamp": 1652467371, "_runtime": 25, "_step": 1, "_wandb": {"runtime": 19}}